Black & Decker 16" 3.4 Amp Powered Handsaw With Storage Bag;Mcintyre Erick;erimcintyre5798
Bostitch 26 Gallon;Huffman Jose;josehuffman8976
Edsal Heavy-duty Workbench;Boyle Frederick;fredericboyl9614
Black & Decker 20-volt Matrix Drill;Steele Shiloh;shilste1353
Ad Tech Multi-temp Full Size 4" Glue Sticks;Jackson Nahla;nahlajac1350
Black & Decker 1/4 Sheet Finisher Sander;Burke Kiersten;kierstebu4482
Dremel Universal Drywall Jab Saw Blade;Haynes Serena;serenahay4549
Black And Decker 1/2" 7-amp Variable Speed Drill;Lewis Ahmad;ahmlewis6483
Imaginisce I-bond Mini Glue Sticks;Parks Leila;leilapar8080
Black & Decker 16" 3.4 Amp Powered Handsaw With Storage Bag;Stark Tatum;tatumsta4237
Bostitch 18v Lithium Drill/impact Combo Kit;Foreman Courtney;courforem2856
Bostitch Prozhoze;Carroll Claire;clairecarrol8330
Bostitch 26 Gallon;Hampton Ryder;rydhampton7037
All Purpose Stik Glue Sticks;Horne Tori;tohorne2545
Black & Decker 6.0 Amp Accu-trak Saw With Smartselect;Pollard Catalina;catapoll6746
Bostitch Air Tool Inline Lubricator;Tanner Messiah;messitann7423
Dremel Universal Drywall Jab Saw Blade;Strickland Seamus;seastrickl6273
Black And Decker 3/8" 5-amp Variable Speed Drill With Keyless Chuck;Thornton Justus;justusthornt5468
Bostitch 18v Lithium Drill/impact Combo Kit;Alexander Francesca;francealexand3294
Black & Decker Matrix Jig Saw Head Attachment;Barnett Jack;jabarnet4121
Bostitch Prozhoze;Tanner Messiah;messitann7423
Black & Decker 6.5a .5" Vsr 2-speed Hammer Drill;Acevedo Dominick;domiaceve6023
Rubbermaid Wall Washer Replacement Pads;Knowles Conor;conknowl4386
Bostitch 6.5 Amp 3/8" Drill;Oneal Keenan;keeon5908
Dremel Saw-max Tool Kit;Ruiz Timothy;timotru7958
Skil 7-1/4" 150-tooth Steel Circular Saw Blade;Griffith Hank;hangriffit9196
Hitachi 18-volt Lithium-ion Cordless Impact Driver;Tyson Claudia;claudtyson1724
I-bond Cordless Hot Glue Gun;Mclaughlin London;lonmclaughlin1410
Skil 4v Max Lithium-ion Screwdriver;Patel Kellen;kelpa2613
Skil 7-1/4" 40-tooth Carbide Tipped Circular Saw Blade;Armstrong Jordan;jordanarms2587
All Purpose Stik Glue Sticks;Melton Noe;noemel7747
Dremel Universal Carbide Flush Cut Blade;Graves Jaden;jadegrav5839
Bostitch 29-piece Screwdriving Set;Yates Carlie;carliya6134
Stanley Fatmax 7a Hammer Drill;Simmons Marisol;marissimmon9839
Powryte 3/8" Air Impact Wrench;Carr Davon;davoncarr1000
Dremel Multi-max Mm40 Tool Kit;Cooke Jimena;jimenco5436
Ad-tech: High-temp Glue Sticks;Rodriguez Rebekah;rebrodrig2078
Dewalt Dcf610s2r Drills / Drivers ;Walker Houston;houstowalker2941
Great Neck 4.8v Cordless Screwdriver;Hickman Jamal;jamahickman7369
Black & Decker 20v Max Lithium Drill/driver;Sosa Seamus;seamusos9674
Bostitch Low-profile Paper Tape Framing Nailer;Parks Kendyl;kendypark8808
Dremel Universal Carbide Flush Cut Blade;Rosales Morgan;morganros5254
Black & Decker Smart Select Linefinder Orbital Jigsaw;Martin Maximilian;maximimartin1846
Dremel 8v Max Cordless Rotary Tool;Bruce Jada;jadbr3885
Black & Decker 6.0 Amp Accu-trak Saw With Smartselect;Melton Noe;noemel7747
Bostitch Industrial Air Tool Swivel Plug;Garcia Layton;laytogarci6909
Black And Decker 1/2" 7-amp Variable Speed Drill;Head Tristian;tristihe9637
Black & Decker 6.5a .5" Vsr 2-speed Hammer Drill;Hodge Joyce;joycho5349
Weller Welwes51 Analog Soldering Station With Power Unit;Burks Malik;malbu2654
Black & Decker 20v Max Lithium Drill/driver;Sanchez Jordan;jordasan6222
Black & Decker 16" 3.4 Amp Powered Handsaw With Storage Bag;Ayers Aleena;aleayer5094
Bostitch 6 Gallon;Bullock Addyson;addysobullock9056
Dremel Universal Carbide Flush Cut Blade;Stark Tatum;tatumsta4237
Ad Tech Designer Series Lo Temp Mini Glue Gun;Osborn Jeffery;jefferosb3699
Bostitch 6.5 Amp 3/8" Drill;Rutledge Callan;callanrutle9851
Bostitch 100 Ft Air Compressor Hose Prozhoze;Strong Asia;asiastron8298
Stanley Fatmax 7a Hammer Drill;Cook Cali;caco2582
Ad-tech: High-temp Glue Sticks;Duncan Jacob;jacdunc3340
Black & Decker 58-piece Project Kit With 12v Lithium Drill/driver;Wheeler Kate;katewheele5400
Black & Decker Smart Select Linefinder Orbital Jigsaw;Chandler Camryn;camrynchandler5973
Black & Decker Matrix Jig Saw Head Attachment;Hoover Wesley;weslehoo9045
Rotozip Ss355-10 Rotosaw;Mcdonald Amina;aminamcdonald7577
Black & Decker Matrix Trim Saw Head Attachment;Bruce Savannah;savannbruc2145
Skil 4v Max Lithium-ion Screwdriver;Sloan Joanna;joansloan3867
Bostitch 3/8" Air Ratchet;Mooney Kenya;kemoone1266
Edsal Heavy-duty Workbench;Glass Maritza;maritzaglas5805
Metabo W8-115qwc Compact Class Professional Series Angle Grinder;Nixon Abraham;abranixo5269
Bostitch 2.5 Gallon;Wilkerson Darnell;darnewilkers9054
Bostitch 37-piece Quick Load Screwdriving Set;Finley Sienna;siennafinle2221
Great Neck 4.8v Cordless Screwdriver;Hewitt Dylan;dylahewit8148
Skil 7-1/4" 40-tooth Carbide Tipped Circular Saw Blade;William Karis;kariswill2458
Black & Decker Smart Select Linefinder Orbital Jigsaw;Mitchell Ishaan;ishaamitchel4803
Black & Decker 5.2a 3.25" Planer Kit;Mosley Martha;marthmosle3742
Black & Decker 18v Cordless Drill Set;Martin Maximilian;maximimartin1846
Black & Decker 56-piece Project Kit With 7.2v Lithium Drill/driver;Cantrell Ryder;rycantre1685
Black & Decker Random Orbit Sander;Ross Marlene;marros9335
Bostitch 1-1/2 Air Pressure Gauge;Sosa Seamus;seamusos9674
Black And Decker Platinum 20v Drill/driver With 2 Batteries;Maldonado Junior;junmaldonad1087
Bostitch 18v Lithium Drill/impact Combo Kit;Cannon Itzel;itzelcanno7404
Black And Decker 3/8" 5-amp Variable Speed Drill With Keyless Chuck;Tucker Lorelei;loreltuck8885
Bostitch Prozhoze;Moody Madilynn;madilmood4038
Dremel Saw-max Tool Kit;Navarro Lyla;lylnavar3220
Black & Decker 6.0 Amp Accu-trak Saw With Smartselect;Mcgee Tabitha;tabithmcgee1340
I-bond Cordless Hot Glue Gun;Rowe Draven;draverow1008
Powryte Dual Action Air Sander;Shepherd Tommy;tomshepherd1528
Dremel Universal Drywall Jab Saw Blade;Fowler Eli;elfow8669
Ad Tech Multi-temp Full Size 4" Glue Sticks;Campbell Bronson;bronsoncampbell4952
Bostitch Air Tool Inline Lubricator;Wise Peter;petwi5037
Ad Tech Multi-temp Full Size 4" Glue Sticks;Mathis Enrique;enriqmath4145
Black & Decker 5.2 Amp 3/8" Drill And Driver With Storage Bag;Mccullough Skylar;skylamccullo9036
Dremel 160-piece Accessory Kit;Sampson Lailah;lailasamp8662
Skil 4v Max Lithium-ion Screwdriver;Knowles Conor;conknowl4386
Black & Decker Random Orbit Sander;Schneider Jordan;jordschnei2835
Bostitch .5" Vsr 2-speed Hammerdrill/drill;Clements Julissa;juliclem2317
Dremel 8300-01 12v Cordless Multi-max Oscillating Kit;Benton Evangeline;evangbenton6043
Bostitch 18v Lithium .25" Hex Chuck Impact Driver Kit;Hooper Giuliana;giuliahooper9161
Fpc Glue Sticks;Sanders Thomas;thosand9993
Ad Tech Designer Series Lo Temp Mini Glue Gun;Cannon Itzel;itzelcanno7404
Got Air Heavy Duty Portable Air Compressor;Osborn Alison;alisonosborn9059
Black & Decker 6.0 Amp Accu-trak Saw With Smartselect;Stephens Deborah;deborastephens2952
Bostitch Industrial Air Tool Swivel Plug;Kidd Cheyanne;cheyki6787
Dremel Multi-max Mm40 Tool Kit;Solis Keon;kesol2683
Bostitch 18v Lithium Drill/impact Combo Kit;Bryant Adyson;adybry4430
Edsal Heavy-duty Steel Workbench;Crawford Frances;franccrawfor1536
Black & Decker Matrix Jig Saw Head Attachment;Le Jameson;jamel1335
Dremel 8300-01 12v Cordless Multi-max Oscillating Kit;Bright Hanna;hannabri8103
Bostitch 37-piece Quick Load Screwdriving Set;Bradshaw Victor;victobradsh2863
Dual-temp Mini Glue Gun Kit;Ruiz Maverick;mavericru5900
Dual-temp Mini Glue Gun Kit;Collins Rodolfo;rodcol1595
Black And Decker Pivot Screwdriver;Austin Kaia;kaiaust7986
Worx Semi Automatic Sd Driver;Beach Averie;averibeac5854
Bostitch 18v Lithium 1/2" Drill/driver Kit;Taylor Monica;monitaylo9830
Black And Decker Pivot Screwdriver;Phelps Selah;selphe2222
Black & Decker Lithium Saw;Wiley Conor;conorwil5596
Ad Tech Multi-temp Standard 10" Glue Sticks;Lane Maurice;maurla1432
Powryte Air Reciprocating Saw;Head Tristian;tristihe9637
Black & Decker 20v Max Lithium Drill/driver;Goodman Lincoln;lincolngood8351
Black & Decker 3-speed Rtx Rotary Tool With Bonus Spring Clamps;Cook Cali;caco2582
Black & Decker 58-piece Project Kit With 12v Lithium Drill/driver;Ross Janiyah;janros6164
Bostitch Industrial Air Tool Swivel Plug;England Gabriel;gabengla6618
Rubbermaid Wall Washer Replacement Pads;Ellis Nyla;nyel4423
Fpc Glue Sticks;Oneill Desmond;desmonone5984
Bostitch Air Compressor Blowgun;Callahan Rudy;rucallahan4204
Black & Decker 5.2a 3.25" Planer Kit;Osborn Alison;alisonosborn9059
Black & Decker Matrix Sanding Head Attachment;Hartman Skylar;skylarhartman9530
Black And Decker 3/8" 5-amp Variable Speed Drill With Keyless Chuck;Reyes Crew;crerey7860
Black & Decker 3-speed Rtx Rotary Tool With Bonus Spring Clamps;Shepherd Tommy;tomshepherd1528
Bostitch Industrial Air Tool Swivel Plug;Sloan Joanna;joansloan3867
Black & Decker 1/4 Sheet Finisher Sander;Gilmore Casey;caseygilm5408
All Purpose Stik Glue Sticks;Webster Aileen;ailwebster5435
Bostitch 6.5 Amp 3/8" Drill;Gibbs Jaylee;jaylgib4590
Black And Decker 3/8" 5-amp Variable Speed Drill With Keyless Chuck;Dodson Haylie;hayldodso9187
Rotozip Ss355-10 Rotosaw;Singleton Saul;sausingl8903
Black & Decker 1/4 Sheet Finisher Sander;England Gabriel;gabengla6618
Skil 4-position Orbital Jigsaw With Laser Guide;Horne Kendyl;kendhorne4117
Dremel Multi-max Mm40 Tool Kit;George Deshawn;deshageorg7028
Black & Decker 1/4 Sheet Finisher Sander;Barrett Brisa;brbarre7058
Black & Decker Smart Select Linefinder Orbital Jigsaw;Hodges Kendrick;kendrichodge3033
Bostitch 2.5 Gallon;Koch Lawson;lawsonko3174
Metabo W8-115qwc Compact Class Professional Series Angle Grinder;Byers Ishaan;ishaaby8990
Bostitch 2.5 Gallon;Knowles Conor;conknowl4386
Black & Decker 58-piece Project Kit With 12v Lithium Drill/driver;Booth Darnell;darnbooth1301
Worx Semi Automatic Sd Driver;Cain Yesenia;yesenicai1732
Worx Semi Automatic Sd Driver;Palmer Westin;wespalm5293
Dremel Universal Carbide Flush Cut Blade;Fuentes Itzel;itzfuen8764
Dual-temp Ultra Glue Gun;Downs Spencer;spencerdown8225
Irwin 30-piece Drive Set;Pruitt Jaida;japrui6151
Bostitch Gravity Feed Spray Air Gun;Griffin Mitchell;mitcgriffi1664
Black & Decker Matrix Trim Saw Head Attachment;Hunter Jayson;jayshunte1166
Swisher 28 Ton 8.75 Gross Torque Log Splitter;Gamble Dexter;dextergamble3546
Ad-tech: High-temp Glue Sticks;Johnson Melina;melinajohnso2464
Skil 4v Max Lithium-ion Screwdriver;Flynn Casen;cafl4149
Chicago Power Tools Power Drill Accessory Set;Hahn Pearl;peaha3816
Skil 4v Max Lithium-ion Screwdriver;Browning Marvin;marvibrownin5016
Black & Decker 5.2a 3.25" Planer Kit;Lambert Ally;allylamber3453
Dual-temp Ultra Glue Gun;Clements Bently;bentlyclem9701
Got Air Heavy Duty Portable Air Compressor;Boyd Giovanna;giovannabo8407
Dewalt Dwt-dck212s2 12v Max Drill;Pruitt Jaida;japrui6151
Black & Decker Matrix Sanding Head Attachment;Grimes Karly;kagrim2579
Black & Decker 56-piece Project Kit With 7.2v Lithium Drill/driver;Allison Brittany;brittall9018
Black & Decker Matrix Trim Saw Head Attachment;Duncan Jacob;jacdunc3340
Skil 360 Quick-select 4v Max 1.5ah Lithium-ion Screwdriver;Combs Izaiah;izaiahcom4177
Dewalt Dcf610s2r Drills / Drivers ;Rodgers Grace;grarod3495
Irwin 30-piece Drive Set;Mcdaniel Joel;jomcdaniel3907
Hitachi 18-volt Lithium-ion Cordless Impact Driver;Barrera Paul;paubarrera6880
Bostitch 29-piece Screwdriving Set;Nichols Lyla;lylanicho4325
Bostitch Air Tool Inline Lubricator;Hughes Christina;christihughes8880
Black And Decker 3.6 Volt Lithium Ion Screwdriver;Bridges Dorian;doribri2496
Powryte 3/8" Air Impact Wrench;Walsh Hayleigh;haylewalsh6967
Black & Decker 7-1/4" 15-amp Circular Saw;Riggs Kristian;kristianrig9613
Black & Decker Random Orbit Sander;Bridges Francesca;francescbri4607
Skil 120v 1-3/4 Hp Fixed Base Router;Durham Jesus;jesusdur2157
Black & Decker Matrix Jig Saw Head Attachment;Sheppard Jaelyn;jaelyshepp9356
Black & Decker Lithium Saw;House Zain;zahous5831
Stanley Fatmax 7a Hammer Drill;Hale Quintin;quintinhale6503
Ad-tech: High-temp Glue Sticks;Ballard Tiana;tianballa7765
Bostitch Low-profile Paper Tape Framing Nailer;Vang Ariana;ariavan8828
Lincoln Industrial Grease Gun Cordless With Case;Lee Alannah;alannahle8794
Black & Decker 2.4v Direct Plug Screwdriver;Kim Matthias;matthiakim5004
Dremel 160-piece Accessory Kit;Stevens Sara;sasteven2156
Speare Tools Adjustable Quick-cutter Hole Saw;Hunter Davion;davihunt1426
Rotozip Ss355-10 Rotosaw;Lopez Kinsley;kinsllopez3899
Bostitch Gravity Feed Spray Air Gun;Ballard Tiana;tianballa7765
Bostitch 100 Ft Air Compressor Hose Prozhoze;Duncan Jacob;jacdunc3340
Great Neck 4.8v Cordless Screwdriver;Francis Quincy;quifran8419
Bostitch Prozhoze;Gould Grayson;graysogou4603
Skil 4-position Orbital Jigsaw With Laser Guide;Reynolds Dalton;daltoreynolds4123
Ad Tech Multi-temp Standard 10" Glue Sticks;Cunningham Felipe;felipecunnin3805
Bostitch Low-profile Paper Tape Framing Nailer;Flores Jacob;jacflo6908
Bostitch 6 Gallon;Tillman Kason;katil2131
Bostitch Air Tool Inline Lubricator;Foley Alyvia;alyvfole9402
Edsal Heavy-duty Steel Workbench;May Camilo;camilm6554
Edsal Heavy-duty Steel Workbench;Dale Phillip;phillipda8203
Black & Decker 6.0 Amp Accu-trak Saw With Smartselect;Alvarez River;rialv7239
Powryte 3/8" Air Impact Wrench;Howe Jessie;jesshowe9905
Black & Decker 20-volt Matrix Drill;Mosley Paola;paolamosl8363
Hitachi 18-volt Lithium-ion Cordless Impact Driver;Cote Clara;claracot7265
Black And Decker Pivot Screwdriver;Beach Kristopher;kristopherbea4052
Speare Tools Adjustable Quick-cutter Hole Saw;Boyd Giovanna;giovannabo8407
Metabo W8-115qwc Compact Class Professional Series Angle Grinder;Espinoza Dustin;dusespino6336
Stanley Fatmax 7a Hammer Drill;Obrien Dante;danteobr7391
Black & Decker 16v Max Lithium Cordless Driver/drill With Exposed Gear Box;Carey Zoey;zoeyca9718
Fpc Glue Sticks;Evans Derick;derickeva6432
Black And Decker Pivot Screwdriver;Baxter Ayaan;ayaanbax5994
Skil 120v 1-3/4 Hp Fixed Base Router;Cook Chad;chadco8912
Dremel Multi-vise;Chang Haleigh;haleighchang1728
Black & Decker Lithium Saw;Salinas Brycen;brycsalina3035
Bostitch 6 Gallon;Farmer Eloise;eloisefar7738
Powryte Dual Action Air Sander;Kerr Patricia;patricker7551
Skil 4v Max Lithium-ion Screwdriver;Curtis Tyrell;tyrellcurtis7976
Bostitch 2.5 Gallon;Koch Lawson;lawsonko3174
Dremel 160-piece Accessory Kit;Peters Giovani;giovpeter1602
Bostitch 37-piece Quick Load Screwdriving Set;Carr Davon;davoncarr1000
Bostitch .5" Vsr 2-speed Hammerdrill/drill;Mason Adyson;adymason8104
Black & Decker 3-speed Rtx Rotary Tool With Bonus Spring Clamps;William Journey;journwilli8499
Skil 7-1/4" 40-tooth Carbide Tipped Circular Saw Blade;Goodman Lincoln;lincolngood8351
Bostitch Industrial Air Tool Swivel Plug;Erickson Paityn;paitynericks4112
Dual-temp Mini Glue Gun Kit;Kerr Patricia;patricker7551
Black & Decker 16" 3.4 Amp Powered Handsaw With Storage Bag;Randall Priscilla;priscirand7732
Bostitch 1-1/2 Air Pressure Gauge;Martin Maximilian;maximimartin1846
Dual-temp Ultra Glue Gun;Montoya Nova;novamont6095
Dewalt Dcf610s2r Drills / Drivers ;Bauer Nico;nicbauer3270
Edsal Heavy-duty Steel Workbench;Holder Kynlee;kynlholde6588
Dremel Universal Carbide Flush Cut Blade;Kinney Chase;chakinne9003
Black And Decker 1/2" 7-amp Variable Speed Drill;Lewis Alessandra;alessandrlewi8060
Bostitch 37-piece Quick Load Screwdriving Set;Glover Ashtyn;ashtynglov9155
All Purpose Stik Glue Sticks;Stanley Gage;gagstan2981
Black & Decker 7-1/4" 15-amp Circular Saw;Foley Alyvia;alyvfole9402
Bostitch Gravity Feed Spray Air Gun;Manning Penelope;penelopmannin1491
Bostitch 37-piece Quick Load Screwdriving Set;Mckenzie Keyla;kemckenzi2210
Stanley Fatmax 7a Hammer Drill;Sears Isla;islsears6039
Bostitch Air Compressor Blowgun;Carr Davon;davoncarr1000
Dremel 8300-01 12v Cordless Multi-max Oscillating Kit;Bruce Savannah;savannbruc2145
Bostitch 6 Gallon;Mcgee Tabitha;tabithmcgee1340
Black And Decker Platinum 20v Drill/driver With 2 Batteries;Sanders Thomas;thosand9993
I-bond Cordless Hot Glue Gun;Fuller Kaleigh;kaleighfull2063
Edsal Heavy-duty Steel Workbench;Gay Braeden;braedenga2372
Cadet 66" Work Surface;Solis Keon;kesol2683
Bostitch Prozhoze;Walter Branden;brawalter3760
Imaginisce I-bond Mini Glue Sticks;Bridges Dimitri;dimitbridge8258
Got Air Heavy Duty Portable Air Compressor;Coffey Erika;ercoffey6995
Ad Tech Multi-temp Full Size 4" Glue Sticks;Gould Grayson;graysogou4603
Dremel 7-piece Saw-max Cutting Kit;Albert Ingrid;ingalb8306
Irwin 30-piece Drive Set;Wright Bree;brewri8713
Edsal Heavy-duty Workbench;Nielsen Felicity;felicityniel6610
Rubbermaid Wall Washer Replacement Pads;Ashley Esperanza;esperanashl1463
Bostitch Air Tool Inline Lubricator;Fox Alissa;alissaf7663
Bostitch Industrial Air Tool Swivel Plug;Pennington Eloise;elopenningto6698
Bostitch Prozhoze;Small Brianna;briannsmal7098
Imaginisce I-bond Mini Glue Sticks;Mosley Martha;marthmosle3742
Skil 4-position Orbital Jigsaw With Laser Guide;Hansen Autumn;autuhan6434
Dremel 160-piece Accessory Kit;Patton Larissa;laripatton5857
Edsal Heavy-duty Workbench;Wiley Conor;conorwil5596
Black And Decker Platinum 20v Drill/driver With 2 Batteries;Walker Houston;houstowalker2941
Lincoln Lubrication Ac2440 120-volt Corded Grease Gun;Pope Skyler;skypope8818
Rotozip Ss355-10 Rotosaw;Gross Callen;calgros4092
Irwin 7-piece Drive Set;Lamb Amelia;amelilamb6646
Dremel 8v Max Cordless Rotary Tool;Walters Kaleigh;kaleighwal8062
Worx Semi Automatic Sd Driver;Jensen Jefferson;jeffejensen5785
Black & Decker Random Orbit Sander;Bonner Camden;camdenbonne4585
Dremel Universal Carbide Flush Cut Blade;Larson Henry;henrlarson2443
Hitachi 18-volt Lithium-ion Cordless Impact Driver;Gibbs Jaylee;jaylgib4590
Bostitch 7 Amp 4.5" Angle Grinder;Velez Konner;konnvele8987
Skil 4-position Orbital Jigsaw With Laser Guide;Kemp Anders;andkemp5640
Skil 360 Quick-select 4v Max 1.5ah Lithium-ion Screwdriver;Bell Nathaniel;nathabell8282
Bostitch Prozhoze;Herring Brendon;brenher7035
Lincoln Lubrication Ac2440 120-volt Corded Grease Gun;Cruz Amaya;amayacruz1983
Black & Decker 20v Max Lithium Drill/driver;England Emmanuel;emmaenglan7983
Dewalt Dcf610s2r Drills / Drivers ;Ramsey Sebastian;sebastianramse1666
All Purpose Stik Glue Sticks;Jenkins Abigail;abigjenkin3261
Dewalt Dwt-dck212s2 12v Max Drill;Santiago Noe;noesantia6451
